str.test, ghcr.io/ocicl/str@sha256:c43bd4183ac7a09c9ac8ad6d690059907baf16a2479f2a575c17c6629cc30ba7, cl-str-20230809-81e3129/str.test.asd
str, ghcr.io/ocicl/str@sha256:c43bd4183ac7a09c9ac8ad6d690059907baf16a2479f2a575c17c6629cc30ba7, cl-str-20230809-81e3129/str.asd
cl-ppcre, ghcr.io/ocicl/cl-ppcre@sha256:8042e7730ed475808e237fcfe34d8e2a5f9f192555922cb819f08969e9ab76c2, cl-ppcre-20230813-93bd7cf/cl-ppcre.asd
cl-ppcre-unicode, ghcr.io/ocicl/cl-ppcre@sha256:8042e7730ed475808e237fcfe34d8e2a5f9f192555922cb819f08969e9ab76c2, cl-ppcre-20230813-93bd7cf/cl-ppcre-unicode.asd
cl-unicode, ghcr.io/ocicl/cl-unicode@sha256:719754d063cb0e3c8ec2119713bfca0aa1d359e82eefaebd5d2c7ae48904e0e5, cl-unicode-20231118-07e7ff5/cl-unicode.asd
flexi-streams, ghcr.io/ocicl/flexi-streams@sha256:2eb7271c30799a51bb3720ca37ee358764522255d66aabcc1a3012becfab1dbc, flexi-streams-20230809-74a1027/flexi-streams.asd
flexi-streams-test, ghcr.io/ocicl/flexi-streams@sha256:2eb7271c30799a51bb3720ca37ee358764522255d66aabcc1a3012becfab1dbc, flexi-streams-20230809-74a1027/flexi-streams-test.asd
trivial-gray-streams, ghcr.io/ocicl/trivial-gray-streams@sha256:50bff0f1fe77fe2b297a4c4b4b86fa40cadd98dabe93616314cbf9a054ac150a, trivial-gray-streams-20230809-f873865/trivial-gray-streams.asd
trivial-gray-streams-test, ghcr.io/ocicl/trivial-gray-streams@sha256:50bff0f1fe77fe2b297a4c4b4b86fa40cadd98dabe93616314cbf9a054ac150a, trivial-gray-streams-20230809-f873865/trivial-gray-streams-test.asd
cl-change-case, ghcr.io/ocicl/cl-change-case@sha256:67069ab13c96a36125bca952e62a27f5aba36cf8cc696d7ae71e715643b23b9f, cl-change-case-0.2.1/cl-change-case.asd
